id,ประเภทร้าน,ชื่อสาขา,ที่อยู่,เบอร์โทร,ค่าเช่า,GP(%),เบอร์โทร Kiosk SIM,SIM Code,วันหมดอายุ,สถานะ
f58279e1-747f-44fc-bd58-4816f50a07e2,WY,01 Lotus RM1,,,,,,,,ปิด
44f87203-8e03-491b-8a31-06059257a860,WY,02 CPN EVL FL.2,,,2675,,,,,เปิด
0e88bea8-a7f7-426c-bbf3-3e1c11dcdc11,WY,03 WY Lotus Fortune,,,2247,,,,,เปิด
ceaad0d8-daaf-4594-98c0-cf3445706fd6,WY,04 CPN BNN FL.5 - Coco,,,,,,,,ปิด
0981f1cc-a0e8-403b-bd79-bd7e79d1bd80,WY,05 TML BNK FL.3 COCO,,,4066.67,,,,,เปิด
413968b1-d273-4a7a-96b6-87ed3884ff8a,WY,06 CPN RM3 - Mangkhut,,,3905.5,,,,,เปิด
8a1f35b3-aeb5-4290-848d-5e45b73d9ef8,WY,07 SCN SRI FL.2 - Mangkhut,,,,,,,,ปิด
66c67cf1-46e9-45e6-91ac-d433570714ef,WY,08 TML BNK FL.3,,,,,,,,ปิด
88b25dac-9346-46b3-baa7-a44715637c5b,WY,09 CPN SLY FL.3 Mochiru,,,6165.88,,,,,เปิด
f031535a-d9af-4b30-9bbc-d57e5c00e8d8,WY,10 TML BNK FL.3 - Two 9:00,,,4066.67,,,,,เปิด
b6c78fe6-69d3-4e72-b3b4-a9e0bb0846e1,B2S,100 B2S RBS Samutpakarn,บริษัท บีทูเอส จำกัด (สาขาโรบินสันสมุทรปราการ)	789 หมู่ที่ 2 อาคารห้างสรรพสินค้าโรบินสันสมุทรปราการ ชั้น 2 ตำบลท้ายบ้านใหม่ อำเภอเมืองสมุทรปราการ จังหวัดสมุทรปราการ 10280,พลอย 099-183-7070,,35,,,,เปิด
97021ce4-9735-437a-a461-bdc934d3e6fc,B2S,101 B2S RBS Ladkabang,บริษัท บีทูเอส จำกัด ( สาขาโรบินสันลาดกระบัง )	เลขที่ 308/1 ถนนลาดกระบัง แขวงลาดกระบัง เขตลาดกระบัง จังหวัดกรุงเทพมหานคร 10520,สุ 089-810-1528,,35,,,,เปิด
16b551c6-6ccb-41bb-aa0a-0c2f908ae3e9,B2S,102 B2S CPN RM3,"บริษัท บีทูเอส จำกัด (สาขาพระราม 3 )	79 อาคารศูนย์การค้าเซ็นทรัลพลาซาพระราม 3 ห้องเลขที่ 612/1, 612/2, 612/3 ชั้น 6 ถนนสาธุประดิษฐ์ แขวงช่องนนทรี เขตยานนาวา กรุงเทพมหานคร 10120",ตุ๊ก 063-658-9145,,35,,,,เปิด
80ed20e4-422b-4880-8f84-ceac595e97e7,B2S,103 B2S RBS BangRak,บริษัท บีทูเอส จำกัด (สาขาบางรัก)	1522 อาคารห้างเซ็นทรัลบางรัก ชั้น 3 ถนนเจริญกรุง แขวงบางรัก เขตบางรัก กรุงเทพฯ 10500,ยุทธ 089-9256803,,35,,,,เปิด
5a2bab43-1aa5-4405-bd20-acb1cedb9d7e,B2S,104 B2S Changwattana,บริษัท บีทูเอส จำกัด (สาขาเซ็นทรัลแจ้งวัฒนะ)	99/99 ชั้น 5 หมู่ที่ 2 ตำบลบางตลาด อำเภอปากเกร็ด จังหวัดนนทบุรี 11120,โจ้ 099-156-1635,,35,,,,เปิด
146a0030-1510-456a-a184-0a08c7cfe883,B2S,105 B2S Promenade,บริษัท บีทูเอส จำกัด (เดอะพรอมานาด)	เลขที่ 589/7-9 ถ.รามอินทรา แขวงคันนายาว เขตคันนายาว กรุงเทพฯ 10231,เอ๋ 094-249-2823,,35,,,,เปิด
0563c985-5791-4d7b-9c11-2968f3f43c8c,B2S,106 B2S RM9 F.B,บริษัท บีทูเอส จำกัด (สาขาซีพีเอ็น พระราม 9 B)	9/9 ศูนย์การค้าเซ็นทรัลพลาซ่าพระราม 9 ห้อง B22 ชั้น B ถนนพระราม 9 แขวงห้วยขวาง เขตห้วยขวาง กรุงเทพมหานคร 10310,บัง 095-494-3299,,35,,,,เปิด
c8c0b69a-9c5d-4660-930e-400306f46516,B2S,107 B2S SCN Bangkhea,บริษัท บีทูเอส จำกัด (สาขาซีคอนบางแค)	เลขที่ 607 ถนนเพชรเกษม แขวงบางหว้า เขตภาษีเจริญ จังหวัดกรุงเทพมหานคร 10160,ติ๊ก 091-874-7942,,35,,,,เปิด
d2b85c7c-d73c-402e-b21b-afa741868139,B2S,108 B2S CPN Pinklao,บริษัท บีทูเอส จำกัด (สาขาปิ่นเกล้า)	7 / 1 อาคารห้างเซ็นทรัลปิ่นเกล้า ชั้น 5 ถนนบรมราชชนนี แขวงอรุณอมรินทร์ เขตบางกอกน้อย กรุงเทพมหานคร 10700,ปอนด์ 065-396-1935,,35,,,,เปิด
fff3db41-6120-4b27-80b8-60000e788203,B2S,109 B2S CPN Mahachai,บริษัท บีทูเอส จำกัด (สาขาซีพีเอ็น มหาชัย)	98 ห้องเลขที่ 228 ชั้นที่ 2 หมู่ที่ 4 อาคารศูนย์การค้าเซ็นทรัลพลาซามหาชัย ตำบลนาดี อำเภอเมืองสมุทรสาคร จังหวัดสมุทรสาคร 74000,ตุ๊ก 082-782-3789,,35,,,,เปิด
1cdf50b5-b03c-464d-a8f1-f7c8dd624270,WY,11 Lotus Sukhapiban1,,,2247,,,,,เปิด
e27deb24-1ebf-476c-8691-56d19321a9b0,MOSHI,110 MS CPN Westgate,"Moshi Central westgate	
199/3 หมู่ที่ 6 ตำบล เสาธงหิน อำเภอบางใหญ่ นนทบุรี 11000 (ชั้น 2 โซนลิฟท์แก้ว)",อัญญฏา 0654042449,,60,,,,เปิด
604b46b4-4e06-43a2-838b-53f0b42eb45b,MOSHI,111 MS Central Si Racha,Moshi Central ศรีราชา	8 ถ. สุขุมวิท ตำบล ศรีราชา อำเภอศรีราชา ชลบุรี 20110 (ชั้น 1 โซนพลาซา),อรภา 0642384538,,60,,,,เปิด
a0f62034-5d71-4f41-83b6-38eea1654481,MOSHI,112 MS Market Village HuaHin,"Moshi Market Village หัวหิน	""มาร์เก็ตวิลเลจหัวหิน (ร้านโมชิ โมชิ ชั้นใต้ดิน)
234/1 ถ.เพชรเกษม ต.หัวหิน อ.หัวหิน จ.ประจวบฯ 77110 (ชั้นใต้ดิน)""",แพร 0638053253,,60,,,,เปิด
1ea032f6-ddce-4383-9cee-8090d59be27e,MOSHI,113 MS CPN NakhonSri,"Moshi Central นครศรีธรรมราช	Nasan 8,9/8 อำเภอ พระพรหม นครศรีธรรมราช 80000 (ชั้น 2 โซนพลาซา)",ณฐมน 0954858985,,60,,,,เปิด
55872a0c-5000-4bdd-9d3a-9ffcb60daf3d,MOSHI,114 MS CPN Chiang Mai,Moshi Central Festival เชียงใหม่	99 99/1 -99/2 หมู่ที่ 4 ถ. ซุปเปอร์ไฮเวย์ เชียงใหม่-ลำปาง ตำบล ฟ้าฮ่าม อำเภอเมืองเชียงใหม่ เชียงใหม่ 50000 (ชั้น 4 โซนพลาซา),เนตรนภา 0632074415,,60,,,,เปิด
1ca78371-0308-43b7-9bc1-839c474fbb9d,MOSHI,115 MS CPN Udon Thani,Moshi Central อุดรธานี	277/1-3 271/5 ถ. ประจักษ์ ศิลปาคม ตำบลหมากแข้ง อำเภอเมืองอุดรธานี อุดรธานี 41000 (ชั้น 3 ฝั่งตึก A),เพ็ญศิริ 0957736212,,60,,,,เปิด
a143e8f6-5318-411e-8534-9f70d9ce9b2d,MOSHI,116 MS CPN Chiang Rai,Moshi Central เชียงราย	99/9 ถ. พหลโยธิน ตำบล รอบเวียง อำเภอเมืองเชียงราย เชียงราย 57000 (ชั้นG โซนพลาซ่า),รัตติกาล 0864806383,,60,,,,เปิด
277ae718-326f-4260-b63d-707a7734aa67,MOSHI,117 MS CPN Hatyai,Moshi Central Festival หาดใหญ่	1518 ถ. กาญจนวนิช ตำบล คอหงส์ อำเภอหาดใหญ่ สงขลา 90110 (ชั้น 4 โซนพลาซา),อภิฤดี 0657162348,,60,,,,เปิด
f653c659-f1ea-4e0e-9f19-37929c89a432,MOSHI,118 MS CPN Rayong,Moshi Central ระยอง	99 99/1 ถ. ชายกระป่อม ตำบลเชิงเนิน อำเภอเมืองระยอง ระยอง 21000 (ชั้น 3 โซน Restaurant),กนกวรรณ 0654606488,,60,,,,เปิด
02c66cad-c915-4700-af27-1af2f961f715,MOSHI,119 MS CPN Nakhon Sawan,"Moshi Central นครสวรรค์	699, ถ. พหลโยธิน ตำบลปากน้ำโพ อำเภอเมืองนครสวรรค์ นครสวรรค์ 60000 (ชั้น 1)",บุญยนุช 0938361590,,60,,,,เปิด
7cef6360-0fd0-41b2-a8e0-02331c2192dd,WY,12 CPN WES FL.1 - MangKhut,,,7276,,,,,เปิด
8f488bcc-9ba5-49c7-8b40-a2ab74671415,MOSHI,120 MS CPN Surat Thani,"Moshi Central สุราษฎ์ธานี	88, ตำบล วัดประดู่ อำเภอเมืองสุราษฎร์ธานี สุราษฎร์ธานี 84000 (ชั้น 3)",ปิญชพร 0802591990,,60,,,,เปิด
b7dcb1fc-32e7-47ab-87a0-12edd0723d85,MOSHI,121 MS TonTarn Market Khon Kaen,Moshi ตลาดต้นตาลขอนแก่น	381/58 หมู่ที่ 17 ถ.มิตรภาพ ตำบลในเมือง อำเภอเมืองขอนแก่น ขอนแก่น 40000 (),วิลาวัลย์ 0655190788,,60,,,,เปิด
7ad4cf6a-e31c-4477-83a5-0e7bd0583893,MOSHI,122 MS RBS Kanchanaburi,Moshi Robinson กาญจนบุรี	110 ถ. เลี่ยงเมืองกาญจนบุรี ตำบล ปากแพรก อำเภอเมืองกาญจนบุรี กาญจนบุรี 71000 (ชั้น 2 โซนใหม่),บุณยานุช 0930068097,,60,,,,เปิด
03f25e69-3601-4b29-806b-9631cf28f1b2,MOSHI,123 MS RBS Chavhoengsao,Moshi Robinson ฉะเชิงเทรา	910 หมู่ที่ 4 ถ. ฉะเชิงเทรา - บางปะกง ตำบล หน้าเมือง อำเภอเมืองฉะเชิงเทรา ฉะเชิงเทรา 24000 (ชั้น 2 โซนอาคารเปิดใหม่),พรนภา 0631614740,,60,,,,เปิด
11de313e-bdea-4301-ac79-d78a5a34b891,MOSHI,124 MS RBS Trang,Moshi Robinson ตรัง	138 ถนน พัทลุง ตำบล ทับเที่ยง อำเภอเมืองตรัง ตรัง 92000 (ชั้น 1 โซนตึกใหม่),มณีรัตน์ 0645873293,,60,,,,เปิด
4fe0a839-0d59-4bc2-93ed-9e49b27e6a12,MOSHI,125 MS RBS Prachinburi,Moshi Robinson ปราจีนบุรี	72 ตำบลบางบริบูรณ์ อำเภอเมืองปราจีนบุรี ปราจีนบุรี 25000 (ชั้น 1 หน้าTops Market),กรกช 0996092151,,60,,,,เปิด
881b5f57-3146-43f7-a5d7-60b4b829b2f4,MOSHI,126 MS Imperial Samrong,Moshi Imperial สำโรง	สาขาอิมพีเรียลเวิลด์สำโรง 999 ถ. สุขุมวิท ตำบล สำโรงเหนือ อำเภอเมืองสมุทรปราการ สมุทรปราการ 10270 (ชั้น2 (ฝั่งลิฟท์แก้ว)),สุนิสา 0838043330,,60,,,,เปิด
9a4ab35d-02ce-4933-96d6-e3fb2e44b035,MOSHI,127 MS CPN Krabi,"Moshi Central กระบี่	55/5, 55/6 55/7 ถ. เพชรเกษม กระบี่ใหญ่ อำเภอเมืองกระบี่ กระบี่ 81000 ()",นงเยาว์ 0638465246,,60,,,,เปิด
74cfefbc-a2e1-4e3a-9ccf-010ed7a9374e,MOSHI,128 MS CPN Pinklao,,,,,,,,ปิด
d2d1306f-faf3-47d3-8549-b84590a9e86a,WY,129 WY CPN World F.1,,,6794.5,,,,,เปิด
1c2f81af-fa88-419a-a4cd-521a07cb4ace,WY,13 CPN PIK FL.5 - Coco,,,5226.95,,,,,เปิด
a4bdc233-1dba-454e-8757-5bfe3f61c344,B2S,131 B2S CPN WES FL.B,"บริษัท บีทูเอส จำกัด (สาขาซีพีเอ็นเวสต์เกต 2)	199,199/1,199/2 หมู่ที่ 6 ชั้น G ตำบลเสาธงหิน อำเภอบางใหญ่ จังหวัดนนทบุรี 11140",ก้อย 085-385-3995,,35,,,,เปิด
892c8bd2-b510-44bd-b60c-ecc06517c2c8,B2S,132 B2S CPN Pattaya,บริษัท บีทูเอส จำกัด (สาขาเซ็นทรัลพัทยา)	333/102 หมู่ 9 ชั้น 4 ตำบลหนองปรือ อำเภอบางละมุง จังหวัดชลบุรี 20260,หนึ่ง 062-565-4511,,35,,,,เปิด
7ef5eaf3-f603-431e-9357-3869d4a5da40,B2S,133 B2S CPN Ayutthsya,"บริษัท บีทูเอส จำกัด (สาขาซีพีเอ็นอยุธยา)	เลขที่ 129/1, 129/2, 129/3 หมู่ที่ 3 ตำบลคลองสวนพลู อำเภอพระนครศรีอยุธยา จังหวัดพระนครศรีอยุธยา 13000",เชษฐ์ 089-202-4469,,35,,,,เปิด
aefd606d-9093-4f49-87a9-8c562ffc1405,B2S,134 B2S CPN Chiangmai2,"บริษัท บีทูเอส จำกัด (สาขาซีพีเอ็น เชียงใหม่)	99,99/1,99/2 หมู่ที่ 4 อาคารศูนย์การค้าเซ็นทรัลเฟสติวัลเชียงใหม่ ห้องเลขที่ 217 ชั้น 2 ตำบลฟ้าฮ่าม อำเภอเมืองเชียงใหม่ จังหวัดเชียงใหม่ 50000",เอ็ม 089-104-1820,,35,,,,เปิด
54580421-f6bc-4073-8352-873d8cbcfc02,B2S,135 B2S Robinson Khonkaen,บริษัท บีทูเอส จำกัด (สาขาโรบินสันขอนแก่น)	99/2 ชั้น จี ถนนศรีจันทร์ ตำบลในเมือง อำเภอเมืองขอนแก่น จังหวัดขอนแก่น 40000,ยุทธ 061-295-5954,,35,,,,เปิด
e4114029-ba2e-44b1-9cf7-1ac607cb1acc,B2S,136 B2S CPN Hadyai,"บริษัท บีทูเอส จำกัด (สาขาซีพีเอ็น หาดใหญ่)	1518,1518/1,1518/2 อาคารศูนย์การค้าเซ็นทรัลเฟสติวัลหาดใหญ่ ห้องเลขที่ 219 ชั้นที่ 2 ถนนกาญจนวนิชย์ ตำบลหาดใหญ่ อำเภอหาดใหญ่ จังหวัดสงขลา 90110",ออย 098-829-3284,,35,,,,เปิด
f8267be6-5c96-4928-80fb-b5e688d9b30a,B2S,137 B2S RBS Ubonratchathani2,บริษัท บีทูเอส จำกัด (สาขาโรบินสันอุบลราชธานี 2)	312 หมู่ 7 ห้างโรบินสันอุบลราชธานี ชั้น 2 ตำบลแจระแม อำเภอเมืองอุบลราชธานี จังหวัดอุบลราชธานี 34000,เชิด 084-649-6284,,35,,,,เปิด
116c4f12-028d-4b35-ae51-60d5db39a883,B2S,138 B2S Robinson Chonburi,บริษัท บีทูเอส จำกัด (สาขาโรบินสันชลบุรี)	55/90 ชั้นที่ 3 หมู่ที่ 1 ตำบลเสม็ด อำเภอเมืองชลบุรี จังหวัดชลบุรี 20000,บี 081-723-5330,,35,,,,เปิด
bfe8fcbc-13a0-4633-941c-04f0e944d837,B2S,139 B2S CPN Phuket,บริษัท บีทูเอส จำกัด (สาขาเซ็นทรัลภูเก็ต)	74-75 ห้างเซ็นทรัลภูเก็ต ชั้น 3 ยูนิต เอ 7 หมู่ที่ 5 ตำบลวิชิต อำเภอเมืองภูเก็ต จังหวัดภูเก็ต 83000,พี 084-978-8897,,35,,,,เปิด
aae1a2db-7ba5-4364-be3f-94833e43c19b,WY,14 CPN RM2 FL.4 - MangKhut,,,5742.42,,,,,เปิด
e9307cfe-97f3-4878-a14d-10b764393451,B2S,140 B2S RBS Udonthani,"บริษัท บีทูเอส จำกัด (สาขาอุดรธานี)	277/3 อ.ศูนย์การค้าเซ็นทรัลพลาซา อุดรธานี ชั้น 4 ห้องเลขที่ 421, ถนนประจักษ์ศิลปาคม ตำบลหมากแข้ง อำเภอเมือง จังหวัดอุดรธานี 41000",ยูรณ์ 063-495-5199,,35,,,,เปิด
2de956ba-aa04-4918-8f40-1ac2786f5c55,B2S,141 B2S Robinson Trang,บริษัท บีทูเอส จำกัด (สาขาโรบินสันตรัง)	138 ถนนพัทลุง ตำบลทับเที่ยง อำเภอเมืองตรัง จังหวัดตรัง 92000,พร 080-210-0138,,35,,,,เปิด
b7276b1e-d271-4c93-acc6-9b6e340ca8d1,B2S,142 B2S RBS Chiangrai,บริษัท บีทูเอส จำกัด (สาขาโรบินสันเชียงราย)	199/9 ม.13 ห้างโรบินสันเชียงราย ชั้น 2 ตำบลรอบเวียง อำเภอเมืองเชียงราย จังหวัดเชียงราย 57000,ตูน 089-827-4226,,35,,,,เปิด
36babb12-619a-41c5-8b44-14ff129a8247,B2S,143 B2S CPN Sriracha,บริษัท บีทูเอส จำกัด (สาขาซีพีเอ็นศรีราชา)	เลขที่ 8 ถนนสุขุมวิท ตำบลศรีราชา อำเภอศรีราชา จังหวัดชลบุรี 20110,แหม่ม 094-952-2514,,35,,,,เปิด
6554bf98-028c-4f80-9547-bd4f9e6bcda7,B2S,144 B2S CPN Rayong,"บริษัท บีทูเอส จำกัด (สาขาซีพีเอ็นระยอง)	99,99/1 อาคารศูนย์การค้าเซ็นทรัลพลาซาระยอง ห้องเลขที่ 278 ชั้น 2 ถนนบางนา-ตราด ตำบลเชิงเนิน อำเภอเมืองระยอง จังหวัดระยอง 21000",มด 082-391-4528,,35,,,,เปิด
8167c453-8523-4515-ae2c-69ca60ee48bc,B2S,145 B2S CPN Nakhon si,"บริษัท บีทูเอส จำกัด (สาขา ซีพีเอ็น นครศรีธรรมราช)	เลขที่ 8,9/8 ห้อง 217-219 ชั้นที่ 2 หมู่ที่ 7 ตำบล นาสาร อำเภอ พระพรหม จังหวัด นครศรีธรรมราช 80000",แบล็ค 085-332-9729,,35,,,,เปิด
4bade6fe-6cd0-4336-a696-cec6a7ef50b4,B2S,146 B2S RBS Ratchaburi,"บริษัท บีทูเอส จำกัด (สาขาโรบินสันราชบุรี)	265 อาคารห้างโรบินสันราชบุรี ชั้น จี ยูนิต H-M,1-5 ถนนศรีสุริยวงศ์ ตำบลหน้าเมือง อำเภอเมืองราชบุรี จังหวัดราชบุรี 70000",เอก 084-024-3294,,35,,,,เปิด
761b43bc-88cf-4319-97af-2f1bedc6d7f7,B2S,147 B2S RBS Suratthani,บริษัท บีทูเอส จำกัด (สาขาโรบินสันสุราษฎร์ธานี)	88/1 อาคารห้างสรรพสินค้าโรบินสันสุราษฎร์ธานี ชั้น 2 หมู่ 10 ตำบลวัดประดู่ อำเภอเมืองสุราษฎร์ธานี จังหวัดสุราษฎร์ธานี 84000,มาร์ค 093-549-7982,,35,,,,เปิด
3d1cfc32-b89e-479d-a17e-3405217d3bd8,B2S,148 B2S RBS Suphanburi,บริษัท บีทูเอส จำกัด (สาขาโรบินสันสุพรรณบุรี)	เลขที่ 449 อาคารห้างโรบินสัน สุพรรณบุรี ชั้น 1 หมู่ 5 ตำบลท่าระหัด อำเภอเมืองสุพรรณบุรี จังหวัดสุพรรณบุรี 72000,เชษฐ์ 089-467-7555,,35,,,,เปิด
3c42bf7f-c275-405a-82df-f65f72c18c79,B2S,149 B2S CPN Chantaburi,บริษัท บีทูเอส จำกัด (สาขาโรบินสันจันทบุรี)	เลขที่ 199 หมู่ 7 ตำบล จันทนิมิต อ.เมืองจันทบุรี จ.จันทบุรี 22000,ณฐพร 0877402293,,35,,,,เปิด
cbdbd09c-1f3c-470a-80ce-59c0b1e8722a,WY,15 YLL,,,,,,,,ปิด
59ab4f3a-4d7d-405d-bbea-75a1fef77e79,B2S,150 B2S RBN Chiangmai,บริษัท บีทูเอส จำกัด (สาขาโรบินสันเชียงใหม่)	  เลขที่ 9 ชั้น 3 โซนตู้ปลาอควาเรียม ร้าน B2S (สาขาโรบินสันเชียงใหม่ ) อ.เมืองเชียงใหม่ จ.เชียงใหม่ 50200,อั๋น 089-555-5651,,35,,,,เปิด
03fe1545-a29c-482e-94af-d10598cdcdf8,B2S,151 B2S RBS Lampang,บริษัท บีทูเอส จำกัด (สาขาโรบินสันลำปาง)	319/1 อาคารห้างสรรพสินค้าโรบินสันลำปาง ชั้นที่ 2 ตำบลสวนดอก อำเภอเมืองลำปาง จังหวัดลำปาง 52100,ลีน่า 083-319-3130,,35,,,,เปิด
076c120d-ebef-4da5-83b8-117cf8c59aac,B2S,152 B2S RBS Saraburi,บริษัท บีทูเอส จำกัด (สาขาโรบินสันสระบุรี)	99 หมู่ที่ 7 อาคารห้างสรรพสินค้าโรบินสันสระบุรี ชั้นที่ 2 ตำบลตลิ่งชัน อำเภอเมืองสระบุรี จังหวัดสระบุรี 18000,อ้อย 087-936-3011,,35,,,,เปิด
49536356-ed0b-41cc-bc73-e0cd8921d7e1,B2S,153 B2S RBS Chachengsao,บริษัท บีทูเอส จำกัด (สาขาโรบินสันฉะเชิงเทรา)	910 ห้างโรบินสันฉะเชิงเทรา ชั้น 1 ถนนฉะเชิงเทรา-บางปะกง ตำบลหน้าเมือง อำเภอเมืองฉะเชิงเทรา จังหวัดฉะเชิงเทรา 24000,ปุ๊ก 084-013-9874,,35,,,,เปิด
124d1098-4104-468a-8890-d0e71d161b52,B2S,154 B2S CPN Korat,"บริษัท บีทูเอส จำกัด (สาขา ซีพีเอ็น โคราช)	""เลขที่ 990,998 อาคารศูนย์การค้าเซ็นทรัลพลาซานครราชสีมา
 ชั้นที่ 4 ห้องเลขที่ 445 ถนนมิตรภาพ - หนองคาย ตำบลในเมือง อำเภอเมือง จังหวัดนครราชสีมา 30000""",สิทธินนท์ 093-163-5535,,35,,,,เปิด
782f0317-1265-4c8e-a96d-d9ce864d6229,B2S,155 B2S RBS Amata,บริษัท บีทูเอส จำกัด (สาขาโรบินสัน อมตะ ชลบุรี )	888 หมู่ 3 ตำบลดอนหัวฬ่อ อำเภอเมืองชลบุรี จังหวัดชลบุรี 20000,อ้อม 085-704-0390,,35,,,,เปิด
39c4d237-c83c-4a51-a6d8-b49d6da9ecfd,B2S,156 B2S CPN Pitsanulok,บริษัท บีทูเอส จำกัด (สาขาซีพีเอ็น พิษณุโลก)	9/99 หมู่ที่ 5 ชั้นที่ 3 อาคารศูนย์การค้าเซ็นทรัลพลาซาพิษณุโลก ตำบลพลายชุมพล อำเภอเมืองพิษณุโลก จังหวัดพิษณุโลก 65000,โจ 081-535-4078,,35,,,,เปิด
3cabbc69-b129-4df1-afb0-b0a3cb3f89aa,WY,16 CPN RM9 FL.7 - Summer,,,,,,,,ปิด
9cb2d13c-fbcd-4c03-9966-08c584df64d7,WY,17 QSK FL.LG,,,3200,,,,,เปิด
14787871-5d06-4476-a419-8a0c784ecade,WY,18 QSK FL.LG,,,3200,,,,,เปิด
b020a394-707d-457c-9a14-c47ce6816a27,WY,19 CPN WES FL.4,,,7276,,,,,เปิด
62d80351-7c55-488d-a6f2-7d8742996825,WY,20 CPN WES FL.2 Summer,,,7276,,,,,เปิด
b9a17f71-beb6-42ce-b518-92a8d0ff9447,WY,21 Daddy STKL,,,,,,,,ปิด
d08d2f1b-1fb6-4414-9324-3c823521e5ae,WY,22 WY TM BangKea,,,4066.67,,,,,เปิด
4587bb51-45f5-4006-8b76-12f1ab59edcb,MOSHI,23 MS TML Bangkabi,Moshi The mall บางกะปิ	3522 ถ. ลาดพร้าว แขวงคลองจั่น บางกะปิ กรุงเทพมหานคร 10240 (ชั้น1 ฝั่งพลาซ่า),กำพล 080652405,,60,,,,เปิด
e3b7af5e-f6ed-481e-87c9-378ac6f47cfd,MOSHI,24 MS TML Korat,Moshi The mall โคราช	1242/2 ถ.มิตรภาพ ตำบลในเมือง อำเภอเมืองนครราชสีมา นครราชสีมา 30000 (ชั้น 2 ติดสะพานลอย),สุวรรณา 0918288336,,60,,,,เปิด
cc68723b-1e19-4039-a7de-f6c5d5975215,WY,25 Maga BNN-Two,,,6733.12,,,,,เปิด
f74cf751-6438-4448-ba79-4636c204c991,WY,26 TheJas BBT - Coco,,,3210,,,,,เปิด
0584c857-331a-4723-a87b-75d62d40fe8f,WY,27 Lotus SKV50,,,2287,,,,,เปิด
f9cec8d0-3ee7-4832-8d84-28cc92b61cda,WY,28 PN CPN Mahachai,,,4815,,,,,เปิด
3e3bca45-9388-4821-88b7-2954c704afcb,WY,29 MegaBNN - Mochiru,,,6733.12,,,,,เปิด
1fb53810-7f54-4810-b3c1-261f584f4948,WY,30 CPN WES FL.3 Mochiru,,,7276,,,,,เปิด
ccd56e54-7643-4353-8897-b8eb0483f7e9,MOSHI,31 MS Siam,Moshi Siam square one	388 ถ. พระรามที่ 1 แขวงปทุมวัน เขตปทุมวัน กรุงเทพมหานคร 10330 (ชั้นLG),อธิยา 0931823088,,60,,,,เปิด
71e5f249-d52d-4849-9ac3-1ffe04c57ab1,MOSHI,32 MS MBK,Moshi MBK Center	444 ถ. พญาไท แขวงวังใหม่ Subdistrict กรุงเทพมหานคร 10330 (ชั้น 6 โซน C),ชนิดา 0917020676,,60,,,,เปิด
012e01b0-6925-43be-a9d9-8cb117ce8aee,WY,33 TML Thapra,,,,35,,,,เปิด
47617c5b-8f92-4f06-a984-21e65aa32c77,MOSHI,34 MS TML Ngam,"Moshi The mall งามวงค์วาน	30/39-50, 408-430/1 หมู่ 2 ถนนงามวงศ์วาน ตำบลบางเขน อำเภอเมืองนนทบุรี จังหวัดนนทบุรี 11000 (ชั้น 2 โซนแฟชั่น)",จารุสิริ 0958471273,,60,,,,เปิด
273bd782-cb04-4f4d-aa10-2f070f8eade4,MOSHI,35 MS Fasion,Moshi Fashion island	587-589/7-9 ถ. รามอินทรา แขวงคันนายาว เขตคันนายาว กรุงเทพมหานคร 10230 (ชั้น 1 (โซน Grand Station)),ศุพัชชา 0656319146,,60,,,,เปิด
a6778885-5fbf-42a6-b789-5acc830b43fd,MOSHI,36 MS Future Rangsit,Moshi Future park รังสิต	ตําบล ประชาธิปัตย์ 94 ถ. พหลโยธิน ตำบล ประชาธิปัตย์ อำเภอธัญบุรี ปทุมธานี 12130 (ชั้น 1 โซนเซ็นทรัล),ฉลาด 0655177151,,60,,,,เปิด
fb0c0c1f-e712-4102-a5c8-ab7e301a83bd,MOSHI,37 MS The Street,Moshi The street รัชดา	139 ถ. รัชดาภิเษก แขวงดินแดง เขตดินแดง กรุงเทพมหานคร 10400 (ชั้น1),นันทิพร 0657162347,,60,,,,เปิด
df975513-a29c-452a-a3bd-81dc16c7f668,MOSHI,38 MS Khonkaen,Moshi Central ขอนแก่น	99 99/1 ถ. ศรีจันทร์ ตำบลในเมือง อำเภอเมืองขอนแก่น ขอนแก่น 40000 (ชั้น G),เสน่ห์ 0807509124,,60,,,,เปิด
fe79d86c-d880-4aff-85e8-8670378af135,MOSHI,39 MS Sahathai Surat,Moshi สหไทย สุราษฎร์	528/1 ถ. ตลาดใหม่ ตลาด อำเภอเมืองสุราษฎร์ธานี สุราษฎร์ธานี 84000 (ชั้น 1 (โซนพลาซ่า)),ไอลดา 0937398434,,60,,,,เปิด
b12309c0-31b2-4f5a-b304-06de4b99d397,MOSHI,40 MS BigC RM4,Moshi BIG-C พระราม4	2929 ถ. พระรามที่ 4 แขวงคลองตัน เขตคลองเตย กรุงเทพมหานคร 10110 (ชั้น 1 โซน ประตูฝั่งพระราม 4),ศลิษา 0968122371,,60,,,,เปิด
e63a25db-1376-4b56-98e2-fd0ae5db2b31,MOSHI,41 MS SC Bangkhea,Moshi Seacon บางแค	607 ถ. เพชรเกษม แขวงบางหว้า เขตภาษีเจริญ กรุงเทพมหานคร 10160 (ชั้นB),ปรีดา 0993314154,,60,,,,เปิด
9c89ba6f-f0a2-480a-8210-827dc3ab4373,MOSHI,42 MS TML Thapha,Moshi The mall ท่าพระ	129 ถ. รัชดาภิเษก แขวงบุคคโล เขตธนบุรี กรุงเทพมหานคร 10600 (ชั้น 1),อาทิตยา 0958471275,,60,,,,เปิด
1259abd5-c87e-4e19-8086-f032a572b9a8,WY,43 WY TML Bangkapi,,,3000,,,,,เปิด
43706fd4-75cd-4a8a-a375-3f94b09c3e79,MOSHI,44 MS SC Sri 9:30,,,,60,,,,ปิด
20d1164f-7a10-406f-abcd-70c7e9082b73,MOSHI,45 MS Phuket,Moshi Central ภูเก็ต	74 75 หมู่ที่ 5 ถนน วิชิตสงคราม ตำบล วิชิต อำเภอเมืองภูเก็ต ภูเก็ต 83000 (ชั้น 3 โซน Restaurant ),นภัสวรรณ 0661642922,,60,,,,เปิด
82e4b7fc-b1f2-4ec2-a04d-7f67910b4c63,MOSHI,46 MS Ayuttaya,Moshi อยุธยาซิตี้ปาร์ค	126 หมู่ที่ 3 ถนน สายเอเชีย ตำบลคลองสวนพลู อำเภอ พระนครศรีอยุธยา จังหวัดพระนครศรีอยุธยา 13000 (ชั้น1),จิรัฐติกาล 0632074423,,60,,,,เปิด
fed01664-22f0-49b7-bb5b-f2b565daa6c2,MOSHI,47 MS Chonburi,"Moshi Central ชลบุรี	55/88-89, 55, 91, ถ. สุขุมวิท ตำบล เสม็ด อำเภอเมืองชลบุรี ชลบุรี 20000 (ชั้น G โซนจิวเวลรี่)",นพดล 0961274274,,60,,,,เปิด
db38d754-0a69-4479-b8cc-f1acf0c0a351,MOSHI,48 MS Chiangmai Meya,Moshi เมญ่า เชียงใหม่	55/5 ถ. ซุปเปอร์ไฮเวย์ ตำบลช้างเผือก อำเภอเมืองเชียงใหม่ เชียงใหม่ 50300 (ชั้น 3),จิตติมา 0944716415,,60,,,,เปิด
cbf3bfb3-7228-4f94-95e6-9fa7375e0916,MOSHI,49 MS Lotus Bangkabi,Moshi Lotus บางกะปิ	3109 ถ. ลาดพร้าว แขวงคลองจั่น บางกะปิ กรุงเทพมหานคร 10240 (ชั้น 2),มนิดา 0638053036,,60,,,,เปิด
3618aae7-e5b0-4d0b-86ab-a6a95fcd4f1f,WY,50 RBS Ratchapuk,,,2140,,,,,เปิด
d993bf13-62c0-4c2b-83b6-cafffa52e5a6,WY,51 Lotus RCP,,,2247,,,,,เปิด
5b06f92f-be34-4672-b5a8-181cb4d77e3e,WY,52 TML Bangkapi,,,,35,,,,เปิด
69452192-d1c7-494a-a84b-a748fddc6a76,WY,53 Siam Paragon,,,,35,,,,เปิด
70cf9e46-e396-4944-9cc2-be033945edfa,WY,54 RBS Sri Sa Marn,,,2140,,,,,เปิด
5b07b8ae-ea4d-4550-85a7-35b45ded9c15,MOSHI,55 MS TML BNK,Moshi The mall บางแค	518 ถ. เพชรเกษม แขวงบางแคเหนือ เขตบางแค กรุงเทพมหานคร 10160 (ชั้น M),เพ็ญนภา 0929503009,,60,,,,เปิด
ace9b8ef-8025-41b3-953a-6c6656de46f3,WY,56 Lotus Sri,,,,,,,,เปิด
18b930e4-66b1-46ac-bcc7-81dacd70dc48,WY,57 Silom Edge FL.2 WY,,,3531,,,,,เปิด
06fc6a3e-de06-4bf5-8709-1ce86745f238,WY,58 Silom Edge FL.2 MK,,,3531,,,,,เปิด
2f3ae61c-c3a3-4f36-9c7f-f15b2f951ccf,WY,59 Lotus Rama3,,,2247,,,,,เปิด
8ef1c729-0ebc-4701-91ea-dbf515a5a584,WY,60 Lotus Rama2,,,2204.2,,,,,เปิด
cda8c996-4eb8-4ec1-bd3d-20a11f01031c,WY,61 Lotus BangPi,,,2204.2,,,,,เปิด
f89467a4-bf67-4d82-a526-982a6a67d054,WY,62 Lotus Rama4,,,2247,,,,,เปิด
5fe17008-c6df-41ab-83b4-cb1fefc4ede3,WY,63 WY SCN SRI Fl.2,,,7488,,,,,เปิด
d0b1259c-3974-4539-b8f9-c9086015d2ba,WY,64 Lotus Klong4,,,2247,,,,,เปิด
fbd833c9-e24c-4a84-bdb7-fbc223d4d7bc,WY,65 CPN World FL.3,,,6794.5,,,,,เปิด
f6e45314-4c03-403b-b180-17a6240830be,WY,66 CPN World FL.7,,,6794.5,,,,,เปิด
b6289fbf-d3c1-43fb-a5c4-06a2ac33c9e0,WY,67 Lotus Rattanathibet,,,2204.2,,,,,เปิด
cad96de9-ab7d-411b-908e-3960e07b06b3,MOSHI,68 MS CPN Nakornphathom,Moshi Central นครปฐม	833 ถ. เพชรเกษม ตำบลสนามจันทร์ อำเภอเมืองนครปฐม นครปฐม 73000 (ชั้น F1),ศิรวารีย์ 0639235096,,60,,,,เปิด
a14b2a37-a992-49b9-8791-cd8c029674c4,MOSHI,69 MS T21 Pataya,"Moshi Terminal พัทยา	777, 777/1 หมู่ 6 ถนนพัทยาเหนือ ต.นาเกลือ อ.บางละมุง จ.ชลบุรี 20150 (ชั้น1 (ฝั่ง Italy))",ธิดาพร 0615433698,,60,,,,เปิด
b1fa7f32-3c5f-497b-b01c-3cceda8c168f,MOSHI,70 MS Bigc loei,Moshi Big-C เลย	114 หมู่ 9 ถ. มลิวรรณ ตำบล นาอาน อำเภอเมืองเลย เลย 42000 (ชั้น 1 (ฝั่งประตู 3)),อุไรรัตน์ 0979485510,,60,,,,เปิด
166fac8e-3d9b-4374-98d1-da986bfee282,MOSHI,71 MS Nakorn Sa Wan,Moshi V Square นครสวรรค์	320/11 ถ. สวรรค์วิถี ตำบลปากน้ำโพ อำเภอเมืองนครสวรรค์ นครสวรรค์ 60000 (ชั้น 3),ปราณี 0961390832,,60,,,,เปิด
dd1a1ce6-20bf-45b2-840c-8033ef4c20cf,WY,72 Lotus Ladproa,,,2204.2,,,,,เปิด
d5308211-68f0-44f6-8aa9-a9cc00097cd9,WY,73 Lotus Charan_70,,,2204.23,,,,,เปิด
6ccd3fec-77cb-4109-88f0-4dc40948e079,WY,74 Lotus Prachachuen,,,2247,,,,,เปิด
fce578eb-fda3-4664-9b79-931a63223dcf,WY,75 With a day RangSit,,,,30,,,,เปิด
ce40c402-8f64-44d6-ab19-c1dee6709ed5,WY,76 WY TML Bangkabi,,,3000,,,,,เปิด
aba8e71c-edc9-42d3-986e-bab8a119863e,WY,77 Lotus Saraburi,,,3210,,,,,เปิด
dfca8d5d-7ca2-48b0-862c-c423ef68a8f3,B2S,78 B2S CPN RM2,บริษัท บีทูเอส จำกัด (สาขาพระราม 2)	160 อาคารศูนย์การค้าเซ็นทรัลพลาซาพระราม 2 ชั้น 4 ถนนพระราม 2 แขวงแสมดำ เขตบางขุนเทียน กรุงเทพมหานคร 10150,เต้ย 093-265-9598,,35,,,,เปิด
8c3ecdeb-b0d2-45ff-b3a1-c680cc4e3250,B2S,79 B2S CPN Salaya,"บริษัท บีทูเอส จำกัด (สาขาซีพีเอ็น ศาลายา)	99/19,99/20 หมู่ที่ 2อาคารศูนย์การค้าเซ็นทรัลพลาซา ศาลายา ห้องเลขที่ 317 ชั้น 3 ตำบลบางเตย อำเภอสามพราน จังหวัดนครปฐม 73210",ก้อย 092-935-6924,,35,,,,เปิด
fe555538-e8ee-40fc-8f74-044dc9b005f2,B2S,80 B2S CPN Nakhon Pathom,บริษัท บีทูเอส จำกัด สาขาซีพีเอ็นนครปฐม	833 ถนนเพชรเกษม ตำบลสนามจันทร์ อำเภอเมืองนครปฐม จังหวัดนครปฐม 73000,พร 081-847-7149,,35,,,,เปิด
8dd52a26-9ad8-43ff-8b5c-e999f9777b82,B2S,81 B2S CPN LadPrao,บริษัท บีทูเอส จำกัด (สาขาลาดพร้าว)	1691 อาคารห้างเซ็นทรัลลาดพร้าว ชั้น บี ถนนพหลโยธิน แขวงจตุจักร เขตจตุจักร กรุงเทพฯ 10900,หนู 089-498-4342,,35,,,,เปิด
794f368a-3978-408f-804e-b44da48d7e31,B2S,82 B2S Fashion Island,"บริษัท บีทูเอส จำกัด (สาขาแฟชั่นไอส์แลนด์)	587,589 ร้านบีทูเอสชั้น3 แฟชั่นไอส์แลนด์ ถนนรามอินทรา แขวงคันนายาว เขตคันนายาว",รุ่งนภา 0659981607,,35,,,,เปิด
9f6c2549-bc7e-4e89-9f08-e478ef34ce61,B2S,83 B2S CPN RangSit,บริษัท บีทูเอส จำกัด (สาขาเซ็นทรัลรังสิต)	94 ห้างเซ็นทรัลฟิวเจอร์พาร์ครังสิต ชั้น บี ถนนพหลโยธิน ตำบลประชาธิปัตย์ อำเภอธัญบุรี จังหวัดปทุมธานี 12130,รัชพล 094-559-1564,,35,,,,เปิด
efd35cec-9285-47cb-a034-0f4e7fbaf62c,B2S,84 B2S CPN RM9,บริษัท บีทูเอส จำกัด (สาขาซีพีเอ็น พระราม 9)	9/9 ศูนย์การค้าเซ็นทรัลพลาซ่าพระราม 9 ห้อง 724 ชั้น 7 ถนนพระราม 9 แขวงห้วยขวาง เขตห้วยขวาง กรุงเทพมหานคร 10310,บัง 095-494-3299,,35,,,,เปิด
8b84ff91-ec07-4961-b647-96b5158ea036,B2S,85 B2S CPN ChitLom,บริษัท บีทูเอส จำกัด (สาขาชิดลม)	1027 อาคารห้างเซ็นทรัลชิดลม ถนนเพลินจิต แขวงลุมพินี เขตปทุมวัน กรุงเทพฯ 10330,บี 089-894-5018,,35,,,,เปิด
adcf55f1-eacf-4e76-bbc3-8cf32d3eb64a,B2S,86 B2S CPN World,"บริษัท บีทูเอส จำกัด (สาขาเซ็นทรัลเวิลด์พลาซา)	4,4/1-4/2,4/4 อาคารศูนย์การค้าเซ็นทรัลเวิลด์ ชั้น 4 ยูนิต D401/1,C417 ถนนราชดำริห์ แขวงปทุมวัน เขตปทุมวัน กรุงเทพมหานคร 10330",ตุ๊ก 084-878-1071,,35,,,,เปิด
64513880-19a4-485d-8eaf-23bbeb29a133,B2S,87 B2S MEGA BangNa,บริษัท บีทูเอส จำกัด (สาขาเมกะบางนา)	39 ห้องเลขที่ 2456 ชั้น 2 หมู่ที่ 6 ถ.บางนา-ตราด ต.บางแก้ว อ.บางพลี จ.สมุทรปราการ 10540,หรั่ง 087-092-0442,,35,,,,เปิด
5b390bab-3482-48af-af07-0e69e18b8d42,B2S,88 B2S SCN Sri,บริษัท บีทูเอส จำกัด สาขาซีคอนศรีนครินทร์	55 ถนนศรีนครินทร์ แขวงหนองบอน เขตประเวศ กรุงเทพมหานคร 10250,แอ๊ด 083-441-8664,,35,,,,เปิด
72e9913a-bb06-4db0-9623-f2254ce12367,B2S,89 B2S CPN Fast EastVille,"บริษัท บีทูเอส จำกัด (สาขาเซ็นทรัลเฟสติวัล อีสต์วิลล์)	เลขที่ 69,69/1,69/2 ห้อง 102 ชั้น 1 , ห้อง 202-203 ชั้น 2 โครงการศูนย์การค้าเซ็นทรัลเฟสติวัล อีสต์วิลล์ ถ.ประดิษฐ์มนูธรรม แขวงลาดพร้าว เขตลาดพร้าว กรุงเทพมหานคร 10230",ต้อม 062-654-5935,,35,,,,เปิด
3cc141ea-310c-42d5-a9ba-7968c51418e7,B2S,90 B2S CPN Ramintra,บริษัท บีทูเอส จำกัด (สาขารามอินทรา)	109/9 อาคารห้างเซ็นทรัลรามอินทรา ถนนรามอินทรา แขวงอนุสาวรีย์ เขตบางเขน กรุงเทพมหานคร 10220,บิ๊ก 061-629-4254,,35,,,,เปิด
c8ed8711-64a5-4eaa-a061-3d03dc14f911,B2S,91 B2S CPN WestGate,"บริษัท บีทูเอส จำกัด (สาขาซีพีเอ็นเวสต์เกต)	199,199/1,199/2 หมู่ที่ 6 อาคารศูนย์การค้าเซ็นทรัลพลาซาเวสต์เกต ห้องเลขที่ 376-378 ชั้น 3 ตำบลเสาธงหิน อำเภอบางใหญ่ จังหวัดนนทบุรี 11140",ก้อย 085-385-3995,,35,,,,เปิด
51c2dabc-dbeb-4524-9374-16efd4715f58,B2S,92 B2S CPN WestVille,บริษัท บีทูเอส จำกัด (สาขาซีพีเอ็นเวสต์วิลล์ )	999 หมู่ที่ 5 ตำบลมหาสวัสดิ์ อำเภอบางกรวย จังหวัดนนทบุรี 11130,รุ้ง 081-408-8469,,35,,,,เปิด
d8fd6eac-f156-478d-9674-ce64162f3bc6,MOSHI,93 MS RBS Roi Et,Moshi Robinson ร้อยเอ็ด	137 หมู่ที่ 3 ถนน รอบเมือง ตำบล ดงลาน อำเภอเมืองร้อยเอ็ด ร้อยเอ็ด 45000 (ชั้น 2 โซนหน้าโรงภาพยนต์),ยูงทอง 0889837319,,60,,,,เปิด
c0f0dc22-b9f3-424a-a055-b13869287054,MOSHI,94 MS Sermthai Complex,Moshi เสริมไทยคอมเพล็กซ์มหาสารคาม	76/1-7 ถนนนครสวรรค์ ตำบล ตลาด อำเภอเมืองมหาสารคาม มหาสารคาม 44000 (ชั้น 2 ติด B2S),วิภาพร 0655177150,,60,,,,เปิด
77dba33d-f69e-4fd7-ab2c-9bf533f7ba19,MOSHI,95 MS BigC Samutpakarn,Moshi Big-C สมุทรปราการ	498/1 ถ. สุขุมวิท ตำบลปากน้ำ อำเภอเมืองสมุทรปราการ สมุทรปราการ 10270 (ชั้น 1),พิราวรรณ 0968438328,,60,,,,เปิด
68d2bda1-4f95-476a-90fd-e0109b524059,MOSHI,96 MS Sri Pong Uttaradit,Moshi ศรีพงษ์ อุตรดิตถ์	 45 1-5 ถนน อินใจมี ท่าอิฐ อำเภอเมืองอุตรดิตถ์ อุตรดิตถ์ 53000 (ชั้น1 หน้าบันไดเลื่อน),ณภัทร 0997587152,,60,,,,เปิด
f19d3ace-cc91-47ba-b68c-2cf405ba4945,MOSHI,97 MS Union Mall,Moshi Union Mall	54 ซ. ลาดพร้าว 1 แขวงจอมพล เขตจตุจักร กรุงเทพมหานคร 10900 (ชั้น 2),ปวีณา 0996407680,,60,,,,เปิด
bdcd90d2-a958-41bc-942a-9491c994d459,MOSHI,98 MS CPN RM2,Moshi Central พระราม 2	160 ถ. พระรามที่ 2 แขวงแสมดำ เขตบางขุนเทียน กรุงเทพมหานคร 10150 (ชั้น 3 โซนพลาซา),กนกพร 0622141221,,60,,,,เปิด
b7994777-f5be-4731-a4bf-2004371116ee,MOSHI,99 MS EPN Kaerai,"Moshi Esplanade งามวงศ์วาน-แคราย	37, 39 ถนน รัตนาธิเบศร์ บางกระสอ อำเภอเมืองนนทบุรี นนทบุรี 11000 (ชั้น G)",ทัศนีย์ 0955197972,,60,,,,เปิด
